law_short,article_no,article_label,n_rows,rendered,verdict,auditor,date
民法典,7,第七条,1,民事主体从事民事活动，应当遵循诚信原则，秉持诚实，恪守承诺。,,,
民法典,14,第十四条,1,自然人的民事权利能力一律平等。,,,
民法典,24,第二十四条,3,不能辨认或者不能完全辨认自己行为的成年人，其利害关系人或者有关组织，可以向人民法院申请认定该成年人为无民事行为能力人或者限制民事行为能力人。 被人民法院认定为无民事行为能力人或者限制民事行为能力人的，经本人、利害关系人或者有关组织申请，人民法院可以根据其智力、精神健康恢复的状况，认定该成年人恢复为限制民事行为能力人或者完全民事行为能力人。 本条规定的有关组织包括：居民委员会、村民委员会、学校、医疗机构、妇女联合会、残疾人联合会、依法设立的老年人组织、民政部门等。,,,
民法典,52,第五十二条,1,被宣告死亡的人在被宣告死亡期间，其子女被他人依法收养的，在死亡宣告被撤销后，不得以未经本人同意为由主张收养行为无效。,,,
民法典,55,第五十五条,1,农村集体经济组织的成员，依法取得农村土地承包经营权，从事家庭承包经营的，为农村承包经营户。,,,
民法典,62,第六十二条,2,法定代表人因执行职务造成他人损害的，由法人承担民事责任。 法人承担民事责任后，依照法律或者法人章程的规定，可以向有过错的法定代表人追偿。,,,
民法典,66,第六十六条,1,登记机关应当依法及时公示法人登记的有关信息。,,,
民法典,89,第八十九条,1,事业单位法人设理事会的，除法律另有规定外，理事会为其决策机构。事业单位法人的法定代表人依照法律、行政法规或者法人章程的规定产生。,,,
民法典,94,第九十四条,2,捐助人有权向捐助法人查询捐助财产的使用、管理情况，并提出意见和建议，捐助法人应当及时、如实答复。 捐助法人的决策机构、执行机构或者法定代表人作出决定的程序违反法律、行政法规、法人章程，或者决定内容违反法人章程的，捐助人等利害关系人或者主管机关可以请求人民法院撤销该决定。但是，捐助法人依据该决定与善意相对人形成的民事法律关系不受影响。,,,
民法典,97,第九十七条,1,有独立经费的机关和承担行政职能的法定机构从成立之日起，具有机关法人资格，可以从事为履行职能所需要的民事活动。,,,
民法典,115,第一百一十五条,1,物包括不动产和动产。法律规定权利作为物权客体的，依照其规定。,,,
民法典,131,第一百三十一条,1,民事主体行使权利时，应当履行法律规定的和当事人约定的义务。,,,
民法典,136,第一百三十六条,2,民事法律行为自成立时生效，但是法律另有规定或者当事人另有约定的除外。 行为人非依法律规定或者未经对方同意，不得擅自变更或者解除民事法律行为。,,,
民法典,143,第一百四十三条,4,具备下列条件的民事法律行为有效： (一) 行为人具有相应的民事行为能力； (二) 意思表示真实； (三) 不违反法律、行政法规的强制性规定，不违背公序良俗。,,,
民法典,147,第一百四十七条,1,基于重大误解实施的民事法律行为，行为人有权请求人民法院或者仲裁机构予以撤销。,,,
民法典,162,第一百六十二条,1,代理人在代理权限内，以被代理人名义实施的民事法律行为，对被代理人发生效力。,,,
民法典,164,第一百六十四条,2,代理人不履行或者不完全履行职责，造成被代理人损害的，应当承担民事责任。 代理人和相对人恶意串通，损害被代理人合法权益的，代理人和相对人应当承担连带责任。,,,
民法典,179,第一百七十九条,14,承担民事责任的方式主要有： (一) 停止侵害； (二) 排除妨碍； (三) 消除危险； (四) 返还财产； (五) 恢复原状； (六) 修理、重作、更换； (七) 继续履行； (八) 赔偿损失； (九) 支付违约金； (十) 消除影响、恢复名誉； (十一) 赔礼道歉。 法律规定惩罚性赔偿的，依照其规定。 本条规定的承担民事责任的方式，可以单独适用，也可以合并适用。,,,
民法典,187,第一百八十七条,1,民事主体因同一行为应当承担民事责任、行政责任和刑事责任的，承担行政责任或者刑事责任不影响承担民事责任；民事主体的财产不足以支付的，优先用于承担民事责任。,,,
民法典,190,第一百九十条,1,无民事行为能力人或者限制民事行为能力人对其法定代理人的请求权的诉讼时效期间，自该法定代理终止之日起计算。,,,
民法典,192,第一百九十二条,2,诉讼时效期间届满的，义务人可以提出不履行义务的抗辩。 诉讼时效期间届满后，义务人同意履行的，不得以诉讼时效期间届满为由抗辩；义务人已经自愿履行的，不得请求返还。,,,
民法典,199,第一百九十九条,1,法律规定或者当事人约定的撤销权、解除权等权利的存续期间，除法律另有规定外，自权利人知道或者应当知道权利产生之日起计算，不适用有关诉讼时效中止、中断和延长的规定。存续期间届满，撤销权、解除权等权利消灭。,,,
民法典,207,第二百零七条,1,国家、集体、私人的物权和其他权利人的物权受法律平等保护，任何组织或者个人不得侵犯。,,,
民法典,210,第二百一十条,2,不动产登记，由不动产所在地的登记机构办理。 国家对不动产实行统一登记制度。统一登记的范围、登记机构和登记办法，由法律、行政法规规定。,,,
民法典,225,第二百二十五条,1,船舶、航空器和机动车等的物权的设立、变更、转让和消灭，未经登记，不得对抗善意第三人。,,,
民法典,229,第二百二十九条,1,因人民法院、仲裁机构的法律文书或者人民政府的征收决定等，导致物权设立、变更、转让或者消灭的，自法律文书或者征收决定等生效时发生效力。,,,
民法典,235,第二百三十五条,1,无权占有不动产或者动产的，权利人可以请求返还原物。,,,
民法典,256,第二百五十六条,1,国家举办的事业单位对其直接支配的不动产和动产，享有占有、使用以及依照法律和国务院的有关规定收益、处分的权利。,,,
民法典,284,第二百八十四条,2,业主可以自行管理建筑物及其附属设施，也可以委托物业服务企业或者其他管理人管理。 对建设单位聘请的物业服务企业或者其他管理人，业主有权依法更换。,,,
民法典,286,第二百八十六条,3,业主应当遵守法律、法规以及管理规约，相关行为应当符合节约资源、保护生态环境的要求。对于物业服务企业或者其他管理人执行政府依法实施的应急处置措施和其他管理措施，业主应当依法予以配合。 业主大会或者业主委员会，对任意弃置垃圾、排放污染物或者噪声、违反规定饲养动物、违章搭建、侵占通道、拒付物业费等损害他人合法权益的行为，有权依照法律、法规以及管理规约，请求行为人停止侵害、排除妨碍、消除危险、恢复原状、赔偿损失。 业主或者其他行为人拒不履行相关义务的，有关当事人可以向有关行政主管部门报告或者投诉，有关行政主管部门应当依法处理。,,,
民法典,293,第二百九十三条,1,建造建筑物，不得违反国家有关工程建设标准，不得妨碍相邻建筑物的通风、采光和日照。,,,
民法典,314,第三百一十四条,1,拾得遗失物，应当返还权利人。拾得人应当及时通知权利人领取，或者送交公安等有关部门。,,,
民法典,319,第三百一十九条,1,拾得漂流物、发现埋藏物或者隐藏物的，参照适用拾得遗失物的有关规定。法律另有规定的，依照其规定。,,,
民法典,324,第三百二十四条,1,国家所有或者国家所有由集体使用以及法律规定属于集体所有的自然资源，组织、个人依法可以占有、使用和收益。,,,
民法典,327,第三百二十七条,1,因不动产或者动产被征收、征用致使用益物权消灭或者影响用益物权行使的，用益物权人有权依据本法第二百四十三条、第二百四十五条的规定获得相应补偿。,,,
民法典,328,第三百二十八条,1,依法取得的海域使用权受法律保护。,,,
民法典,334,第三百三十四条,1,土地承包经营权人依照法律规定，有权将土地承包经营权互换、转让。未经依法批准，不得将承包地用于非农建设。,,,
民法典,335,第三百三十五条,1,土地承包经营权互换、转让的，当事人可以向登记机构申请登记；未经登记，不得对抗善意第三人。,,,
民法典,351,第三百五十一条,1,建设用地使用权人应当依照法律规定以及合同约定支付出让金等费用。,,,
民法典,366,第三百六十六条,1,居住权人有权按照合同约定，对他人的住宅享有占有、使用的用益物权，以满足生活居住的需要。,,,
民法典,394,第三百九十四条,2,为担保债务的履行，债务人或者第三人不转移财产的占有，将该财产抵押给债权人的，债务人不履行到期债务或者发生当事人约定的实现抵押权的情形，债权人有权就该财产优先受偿。 前款规定的债务人或者第三人为抵押人，债权人为抵押权人，提供担保的财产为抵押财产。,,,
民法典,408,第四百零八条,1,抵押人的行为足以使抵押财产价值减少的，抵押权人有权请求抵押人停止其行为；抵押财产价值减少的，抵押权人有权请求恢复抵押财产的价值，或者提供与减少的价值相应的担保。抵押人不恢复抵押财产的价值，也不提供担保的，抵押权人有权请求债务人提前清偿债务。,,,
民法典,430,第四百三十条,2,质权人有权收取质押财产的孳息，但是合同另有约定的除外。 前款规定的孳息应当先充抵收取孳息的费用。,,,
民法典,433,第四百三十三条,1,因不可归责于质权人的事由可能使质押财产毁损或者价值明显减少，足以危害质权人权利的，质权人有权请求出质人提供相应的担保；出质人不提供的，质权人可以拍卖、变卖质押财产，并与出质人协议将拍卖、变卖所得的价款提前清偿债务或者提存。,,,
民法典,436,第四百三十六条,3,债务人履行债务或者出质人提前清偿所担保的债权的，质权人应当返还质押财产。 债务人不履行到期债务或者发生当事人约定的实现质权的情形，质权人可以与出质人协议以质押财产折价，也可以就拍卖、变卖质押财产所得的价款优先受偿。 质押财产折价或者变卖的，应当参照市场价格。,,,
民法典,441,第四百四十一条,1,以汇票、本票、支票、债券、存款单、仓单、提单出质的，质权自权利凭证交付质权人时设立；没有权利凭证的，质权自办理出质登记时设立。法律另有规定的，依照其规定。,,,
民法典,448,第四百四十八条,1,债权人留置的动产，应当与债权属于同一法律关系，但是企业之间留置的除外。,,,
民法典,450,第四百五十条,1,留置财产为可分物的，留置财产的价值应当相当于债务的金额。,,,
民法典,452,第四百五十二条,2,留置权人有权收取留置财产的孳息。 前款规定的孳息应当先充抵收取孳息的费用。,,,
民法典,458,第四百五十八条,1,基于合同关系等产生的占有，有关不动产或者动产的使用、收益、违约责任等，按照合同约定；合同没有约定或者约定不明确的，依照有关法律规定。,,,
民法典,467,第四百六十七条,2,本法或者其他法律没有明文规定的合同，适用本编通则的规定，并可以参照适用本编或者其他法律最相类似合同的规定。 在中华人民共和国境内履行的中外合资经营企业合同、中外合作经营企业合同、中外合作勘探开发自然资源合同，适用中华人民共和国法律。,,,
民法典,470,第四百七十条,10,合同的内容由当事人约定，一般包括下列条款： (一) 当事人的姓名或者名称和住所； (二) 标的； (三) 数量； (四) 质量； (五) 价款或者报酬； (六) 履行期限、地点和方式； (七) 违约责任； (八) 解决争议的方法。 当事人可以参照各类合同的示范文本订立合同。,,,
民法典,477,第四百七十七条,1,撤销要约的意思表示以对话方式作出的，该意思表示的内容应当在受要约人作出承诺之前为受要约人所知道；撤销要约的意思表示以非对话方式作出的，应当在受要约人作出承诺之前到达受要约人。,,,
民法典,502,第五百零二条,3,依法成立的合同，自成立时生效，但是法律另有规定或者当事人另有约定的除外。 依照法律、行政法规的规定，合同应当办理批准等手续的，依照其规定。未办理批准等手续影响合同生效的，不影响合同中履行报批等义务条款以及相关条款的效力。应当办理申请批准等手续的当事人未履行义务的，对方可以请求其承担违反该义务的责任。 依照法律、行政法规的规定，合同的变更、转让、解除等情形应当办理批准等手续的，适用前款规定。,,,
民法典,506,第五百零六条,3,合同中的下列免责条款无效： (一) 造成对方人身损害的； (二) 因故意或者重大过失造成对方财产损失的。,,,
民法典,515,第五百一十五条,2,标的有多项而债务人只需履行其中一项的，债务人享有选择权；但是，法律另有规定、当事人另有约定或者另有交易习惯的除外。 享有选择权的当事人在约定期限内或者履行期限届满未作选择，经催告后在合理期限内仍未选择的，选择权转移至对方。,,,
民法典,539,第五百三十九条,1,债务人以明显不合理的低价转让财产、以明显不合理的高价受让他人财产或者为他人的债务提供担保，影响债权人的债权实现，债务人的相对人知道或者应当知道该情形的，债权人可以请求人民法院撤销债务人的行为。,,,
民法典,540,第五百四十条,1,撤销权的行使范围以债权人的债权为限。债权人行使撤销权的必要费用，由债务人负担。,,,
民法典,542,第五百四十二条,1,债务人影响债权人的债权实现的行为被撤销的，自始没有法律约束力。,,,
民法典,543,第五百四十三条,1,当事人协商一致，可以变更合同。,,,
民法典,547,第五百四十七条,2,债权人转让债权的，受让人取得与债权有关的从权利，但是该从权利专属于债权人自身的除外。 受让人取得从权利不因该从权利未办理转移登记手续或者未转移占有而受到影响。,,,
民法典,549,第五百四十九条,3,有下列情形之一的，债务人可以向受让人主张抵销： (一) 债务人接到债权转让通知时，债务人对让与人享有债权，且债务人的债权先于转让的债权到期或者同时到期； (二) 债务人的债权与转让的债权是基于同一合同产生。,,,
民法典,553,第五百五十三条,1,债务人转移债务的，新债务人可以主张原债务人对债权人的抗辩；原债务人对债权人享有债权的，新债务人不得向债权人主张抵销。,,,
民法典,564,第五百六十四条,2,法律规定或者当事人约定解除权行使期限，期限届满当事人不行使的，该权利消灭。 法律没有规定或者当事人没有约定解除权行使期限，自解除权人知道或者应当知道解除事由之日起一年内不行使，或者经对方催告后在合理期限内不行使的，该权利消灭。,,,
民法典,570,第五百七十条,6,有下列情形之一，难以履行债务的，债务人可以将标的物提存： (一) 债权人无正当理由拒绝受领； (二) 债权人下落不明； (三) 债权人死亡未确定继承人、遗产管理人，或者丧失民事行为能力未确定监护人； (四) 法律规定的其他情形。 标的物不适于提存或者提存费用过高的，债务人依法可以拍卖或者变卖标的物，提存所得的价款。,,,
民法典,593,第五百九十三条,1,当事人一方因第三人的原因造成违约的，应当依法向对方承担违约责任。当事人一方和第三人之间的纠纷，依照法律规定或者按照约定处理。,,,
民法典,601,第六百零一条,1,出卖人应当按照约定的时间交付标的物。约定交付期限的，出卖人可以在该交付期限内的任何时间交付。,,,
民法典,602,第六百零二条,1,当事人没有约定标的物的交付期限或者约定不明确的，适用本法第五百一十条、第五百一十一条第四项的规定。,,,
民法典,645,第六百四十五条,1,拍卖的当事人的权利和义务以及拍卖程序等，依照有关法律、行政法规的规定。,,,
民法典,647,第六百四十七条,1,当事人约定易货交易，转移标的物的所有权的，参照适用买卖合同的有关规定。,,,
民法典,665,第六百六十五条,1,撤销权人撤销赠与的，可以向受赠人请求返还赠与的财产。,,,
民法典,690,第六百九十条,2,保证人与债权人可以协商订立最高额保证的合同，约定在最高债权额限度内就一定期间连续发生的债权提供保证。 最高额保证除适用本章规定外，参照适用本法第二编最高额抵押权的有关规定。,,,
民法典,697,第六百九十七条,2,债权人未经保证人书面同意，允许债务人转移全部或者部分债务，保证人对未经其同意转移的债务不再承担保证责任，但是债权人和保证人另有约定的除外。 第三人加入债务的，保证人的保证责任不受影响。,,,
民法典,705,第七百零五条,2,租赁期限不得超过二十年。超过二十年的，超过部分无效。 租赁期限届满，当事人可以续订租赁合同；但是，约定的租赁期限自续订之日起不得超过二十年。,,,
民法典,728,第七百二十八条,1,出租人未通知承租人或者有其他妨害承租人行使优先购买权情形的，承租人可以请求出租人承担赔偿责任。但是，出租人与第三人订立的房屋买卖合同的效力不受影响。,,,
民法典,736,第七百三十六条,2,融资租赁合同的内容一般包括租赁物的名称、数量、规格、技术性能、检验方法，租赁期限，租金构成及其支付期限和方式、币种，租赁期限届满租赁物的归属等条款。 融资租赁合同应当采用书面形式。,,,
民法典,741,第七百四十一条,1,出租人、出卖人、承租人可以约定，出卖人不履行买卖合同义务的，由承租人行使索赔的权利。承租人行使索赔权利的，出租人应当协助。,,,
民法典,742,第七百四十二条,1,承租人对出卖人行使索赔权利，不影响其履行支付租金的义务。但是，承租人依赖出租人的技能确定租赁物或者出租人干预选择租赁物的，承租人可以请求减免相应租金。,,,
民法典,748,第七百四十八条,6,出租人应当保证承租人对租赁物的占有和使用。 出租人有下列情形之一的，承租人有权请求其赔偿损失： (一) 无正当理由收回租赁物； (二) 无正当理由妨碍、干扰承租人对租赁物的占有和使用； (三) 因出租人的原因致使第三人对租赁物主张权利； (四) 不当影响承租人对租赁物占有和使用的其他情形。,,,
民法典,759,第七百五十九条,1,当事人约定租赁期限届满，承租人仅需向出租人支付象征性价款的，视为约定的租金义务履行完毕后租赁物的所有权归承租人。,,,
民法典,776,第七百七十六条,1,承揽人发现定作人提供的图纸或者技术要求不合理的，应当及时通知定作人。因定作人怠于答复等原因造成承揽人损失的，应当赔偿损失。,,,
民法典,778,第七百七十八条,1,承揽工作需要定作人协助的，定作人有协助的义务。定作人不履行协助义务致使承揽工作不能完成的，承揽人可以催告定作人在合理期限内履行义务，并可以顺延履行期限；定作人逾期不履行的，承揽人可以解除合同。,,,
民法典,779,第七百七十九条,1,承揽人在工作期间，应当接受定作人必要的监督检验。定作人不得因监督检验妨碍承揽人的正常工作。,,,
民法典,782,第七百八十二条,1,定作人应当按照约定的期限支付报酬。对支付报酬的期限没有约定或者约定不明确，依据本法第五百一十条的规定仍不能确定的，定作人应当在承揽人交付工作成果时支付；工作成果部分交付的，定作人应当相应支付。,,,
民法典,789,第七百八十九条,1,建设工程合同应当采用书面形式。,,,
民法典,811,第八百一十一条,1,承运人应当在约定期限或者合理期限内将旅客、货物安全运输到约定地点。,,,
民法典,818,第八百一十八条,2,旅客不得随身携带或者在行李中夹带易燃、易爆、有毒、有腐蚀性、有放射性以及可能危及运输工具上人身和财产安全的危险物品或者违禁物品。 旅客违反前款规定的，承运人可以将危险物品或者违禁物品卸下、销毁或者送交有关部门。旅客坚持携带或者夹带危险物品或者违禁物品的，承运人应当拒绝运输。,,,
民法典,822,第八百二十二条,1,承运人在运输过程中，应当尽力救助患有急病、分娩、遇险的旅客。,,,
民法典,860,第八百六十条,3,合作开发完成的发明创造，申请专利的权利属于合作开发的当事人共有；当事人一方转让其共有的专利申请权的，其他各方享有以同等条件优先受让的权利。但是，当事人另有约定的除外。 合作开发的当事人一方声明放弃其共有的专利申请权的，除当事人另有约定外，可以由另一方单独申请或者由其他各方共同申请。申请人取得专利权的，放弃专利申请权的一方可以免费实施该专利。 合作开发的当事人一方不同意申请专利的，另一方或者其他各方不得申请专利。,,,
民法典,865,第八百六十五条,1,专利实施许可合同仅在该专利权的存续期限内有效。专利权有效期限届满或者专利权被宣告无效的，专利权人不得就该专利与他人订立专利实施许可合同。,,,
民法典,866,第八百六十六条,1,专利实施许可合同的许可人应当按照约定许可被许可人实施专利，交付实施专利有关的技术资料，提供必要的技术指导。,,,
民法典,878,第八百七十八条,2,技术咨询合同是当事人一方以技术知识为对方就特定技术项目提供可行性论证、技术预测、专题技术调查、分析评价报告等所订立的合同。 技术服务合同是当事人一方以技术知识为对方解决特定技术问题所订立的合同，不包括承揽合同和建设工程合同。,,,
民法典,891,第八百九十一条,1,寄存人向保管人交付保管物的，保管人应当出具保管凭证，但是另有交易习惯的除外。,,,
民法典,920,第九百二十条,1,委托人可以特别委托受托人处理一项或者数项事务，也可以概括委托受托人处理一切事务。,,,
民法典,929,第九百二十九条,2,有偿的委托合同，因受托人的过错造成委托人损失的，委托人可以请求赔偿损失。无偿的委托合同，因受托人的故意或者重大过失造成委托人损失的，委托人可以请求赔偿损失。 受托人超越权限造成委托人损失的，应当赔偿损失。,,,
民法典,930,第九百三十条,1,受托人处理委托事务时，因不可归责于自己的事由受到损失的，可以向委托人请求赔偿损失。,,,
民法典,940,第九百四十条,1,建设单位依法与物业服务人订立的前期物业服务合同约定的服务期限届满前，业主委员会或者业主与新物业服务人订立的物业服务合同生效的，前期物业服务合同终止。,,,
民法典,941,第九百四十一条,2,物业服务人将物业服务区域内的部分专项服务事项委托给专业性服务组织或者其他第三人的，应当就该部分专项服务事项向业主负责。 物业服务人不得将其应当提供的全部物业服务转委托给第三人，或者将全部物业服务支解后分别转委托给第三人。,,,
民法典,947,第九百四十七条,2,物业服务期限届满前，业主依法共同决定续聘的，应当与原物业服务人在合同期限届满前续订物业服务合同。 物业服务期限届满前，物业服务人不同意续聘的，应当在合同期限届满前九十日书面通知业主或者业主委员会，但是合同对通知期限另有约定的除外。,,,
民法典,959,第九百五十九条,1,行纪人完成或者部分完成委托事务的，委托人应当向其支付相应的报酬。委托人逾期不支付报酬的，行纪人对委托物享有留置权，但是当事人另有约定的除外。,,,
民法典,1011,第一千零一十一条,1,以非法拘禁等方式剥夺、限制他人的行动自由，或者非法搜查他人身体的，受害人有权依法请求行为人承担民事责任。,,,
民法典,1023,第一千零二十三条,2,对姓名等的许可使用，参照适用肖像许可使用的有关规定。 对自然人声音的保护，参照适用肖像权保护的有关规定。,,,
民法典,1026,第一千零二十六条,7,认定行为人是否尽到前条第二项规定的合理核实义务，应当考虑下列因素： (一) 内容来源的可信度； (二) 对明显可能引发争议的内容是否进行了必要的调查； (三) 内容的时限性； (四) 内容与公序良俗的关联性； (五) 受害人名誉受贬损的可能性； (六) 核实能力和核实成本。,,,
民法典,1035,第一千零三十五条,6,处理个人信息的，应当遵循合法、正当、必要原则，不得过度处理，并符合下列条件： (一) 征得该自然人或者其监护人同意，但是法律、行政法规另有规定的除外； (二) 公开处理信息的规则； (三) 明示处理信息的目的、方式和范围； (四) 不违反法律、行政法规的规定和双方的约定。 个人信息的处理包括个人信息的收集、存储、使用、加工、传输、提供、公开等。,,,
民法典,1044,第一千零四十四条,2,收养应当遵循最有利于被收养人的原则，保障被收养人和收养人的合法权益。 禁止借收养名义买卖未成年人。,,,
民法典,1084,第一千零八十四条,3,父母与子女间的关系，不因父母离婚而消除。离婚后，子女无论由父或者母直接抚养，仍是父母双方的子女。 离婚后，父母对于子女仍有抚养、教育、保护的权利和义务。 离婚后，不满两周岁的子女，以由母亲直接抚养为原则。已满两周岁的子女，父母双方对抚养问题协议不成的，由人民法院根据双方的具体情况，按照最有利于未成年子女的原则判决。子女已满八周岁的，应当尊重其真实意愿。,,,
民法典,1094,第一千零九十四条,4,下列个人、组织可以作送养人： (一) 孤儿的监护人； (二) 儿童福利机构； (三) 有特殊困难无力抚养子女的生父母。,,,
民法典,1099,第一千零九十九条,2,收养三代以内旁系同辈血亲的子女，可以不受本法第一千零九十三条第三项、第一千零九十四条第三项和第一千一百零二条规定的限制。 华侨收养三代以内旁系同辈血亲的子女，还可以不受本法第一千零九十八条第一项规定的限制。,,,
民法典,1100,第一千一百条,2,无子女的收养人可以收养两名子女；有子女的收养人只能收养一名子女。 收养孤儿、残疾未成年人或者儿童福利机构抚养的查找不到生父母的未成年人，可以不受前款和本法第一千零九十八条第一项规定的限制。,,,
民法典,1104,第一千一百零四条,1,收养人收养与送养人送养，应当双方自愿。收养八周岁以上未成年人的，应当征得被收养人的同意。,,,
民法典,1117,第一千一百一十七条,1,收养关系解除后，养子女与养父母以及其他近亲属间的权利义务关系即行消除，与生父母以及其他近亲属间的权利义务关系自行恢复。但是，成年养子女与生父母以及其他近亲属间的权利义务关系是否恢复，可以协商确定。,,,
民法典,1131,第一千一百三十一条,1,对继承人以外的依靠被继承人扶养的人，或者继承人以外的对被继承人扶养较多的人，可以分给适当的遗产。,,,
民法典,1134,第一千一百三十四条,1,自书遗嘱由遗嘱人亲笔书写，签名，注明年、月、日。,,,
民法典,1141,第一千一百四十一条,1,遗嘱应当为缺乏劳动能力又没有生活来源的继承人保留必要的遗产份额。,,,
民法典,1150,第一千一百五十条,1,继承开始后，知道被继承人死亡的继承人应当及时通知其他继承人和遗嘱执行人。继承人中无人知道被继承人死亡或者知道被继承人死亡而不能通知的，由被继承人生前所在单位或者住所地的居民委员会、村民委员会负责通知。,,,
民法典,1162,第一千一百六十二条,1,执行遗赠不得妨碍清偿遗赠人依法应当缴纳的税款和债务。,,,
民法典,1183,第一千一百八十三条,2,侵害自然人人身权益造成严重精神损害的，被侵权人有权请求精神损害赔偿。 因故意或者重大过失侵害自然人具有人身意义的特定物造成严重精神损害的，被侵权人有权请求精神损害赔偿。,,,
民法典,1196,第一千一百九十六条,2,网络用户接到转送的通知后，可以向网络服务提供者提交不存在侵权行为的声明。声明应当包括不存在侵权行为的初步证据及网络用户的真实身份信息。 网络服务提供者接到声明后，应当将该声明转送发出通知的权利人，并告知其可以向有关部门投诉或者向人民法院提起诉讼。网络服务提供者在转送声明到达权利人后的合理期限内，未收到权利人已经投诉或者提起诉讼通知的，应当及时终止所采取的措施。,,,
民法典,1198,第一千一百九十八条,2,宾馆、商场、银行、车站、机场、体育场馆、娱乐场所等经营场所、公共场所的经营者、管理者或者群众性活动的组织者，未尽到安全保障义务，造成他人损害的，应当承担侵权责任。 因第三人的行为造成他人损害的，由第三人承担侵权责任；经营者、管理者或者组织者未尽到安全保障义务的，承担相应的补充责任。经营者、管理者或者组织者承担补充责任后，可以向第三人追偿。,,,
民法典,1207,第一千二百零七条,1,明知产品存在缺陷仍然生产、销售，或者没有依据前条规定采取有效补救措施，造成他人死亡或者健康严重损害的，被侵权人有权请求相应的惩罚性赔偿。,,,
民法典,1210,第一千二百一十条,1,当事人之间已经以买卖或者其他方式转让并交付机动车但是未办理登记，发生交通事故造成损害，属于该机动车一方责任的，由受让人承担赔偿责任。,,,
民法典,1221,第一千二百二十一条,1,医务人员在诊疗活动中未尽到与当时的医疗水平相应的诊疗义务，造成患者损害的，医疗机构应当承担赔偿责任。,,,
民法典,1222,第一千二百二十二条,4,患者在诊疗活动中受到损害，有下列情形之一的，推定医疗机构有过错： (一) 违反法律、行政法规、规章以及其他有关诊疗规范的规定； (二) 隐匿或者拒绝提供与纠纷有关的病历资料； (三) 遗失、伪造、篡改或者违法销毁病历资料。,,,
民法典,1233,第一千二百三十三条,1,因第三人的过错污染环境、破坏生态的，被侵权人可以向侵权人请求赔偿，也可以向第三人请求赔偿。侵权人赔偿后，有权向第三人追偿。,,,
民法典,1237,第一千二百三十七条,1,民用核设施或者运入运出核设施的核材料发生核事故造成他人损害的，民用核设施的营运单位应当承担侵权责任；但是，能够证明损害是因战争、武装冲突、暴乱等情形或者受害人故意造成的，不承担责任。,,,
民法典,1248,第一千二百四十八条,1,动物园的动物造成他人损害的，动物园应当承担侵权责任；但是，能够证明尽到管理职责的，不承担侵权责任。,,,
合同法,4,第四条,1,当事人依法享有自愿订立合同的权利，任何单位和个人不得非法干预。,,,
合同法,13,第十三条,1,当事人订立合同，采取要约、承诺方式。,,,
合同法,14,第十四条,1,要约是希望和他人订立合同的意思表示，该意思表示应当符合下列规定：（一）内容具体确定；（二）表明经受要约人承诺，要约人即受该意思表示约束。,,,
合同法,16,第十六条,1,要约到达受要约人时生效。采用数据电文形式订立合同，收件人指定特定系统接收数据电文的，该数据电文进入该特定系统的时间，视为到达时间；未指定特定系统的，该数据电文进入收件人的任何系统的首次时间，视为到达时间。,,,
合同法,17,第十七条,1,要约可以撤回。撤回要约的通知应当在要约到达受要约人之前或者与要约同时到达受要约人。,,,
合同法,45,第四十五条,1,当事人对合同的效力可以约定附条件。附生效条件的合同，自条件成就时生效。附解除条件的合同，自条件成就时失效。当事人为自己的利益不正当地阻止条件成就的，视为条件已成就；不正当地促成条件成就的，视为条件不成就。,,,
合同法,48,第四十八条,1,行为人没有代理权、超越代理权或者代理权终止后以被代理人名义订立的合同，未经被代理人追认，对被代理人不发生效力，由行为人承担责任。相对人可以催告被代理人在一个月内予以追认。被代理人未作表示的，视为拒绝追认。合同被追认之前，善意相对人有撤销的权利。撤销应当以通知的方式作出。,,,
合同法,53,第五十三条,1,合同中的下列免责条款无效：（一）造成对方人身伤害的；（二）因故意或者重大过失造成对方财产损失的。,,,
合同法,58,第五十八条,1,合同无效或者被撤销后，因该合同取得的财产，应当予以返还；不能返还或者没有必要返还的，应当折价补偿。有过错的一方应当赔偿对方因此所受到的损失，双方都有过错的，应当各自承担相应的责任。,,,
合同法,72,第七十二条,1,债权人可以拒绝债务人部分履行债务，但部分履行不损害债权人利益的除外。债务人部分履行债务给债权人增加的费用，由债务人负担。,,,
合同法,80,第八十条,1,债权人转让权利的，应当通知债务人。未经通知，该转让对债务人不发生效力。债权人转让权利的通知不得撤销，但经受让人同意的除外。,,,
合同法,82,第八十二条,1,债务人接到债权转让通知后，债务人对让与人的抗辩，可以向受让人主张。,,,
合同法,102,第一百零二条,1,标的物提存后，除债权人下落不明的以外，债务人应当及时通知债权人或者债权人的继承人、监护人。,,,
合同法,111,第一百一十一条,1,质量不符合约定的，应当按照当事人的约定承担违约责任。对违约责任没有约定或者约定不明确，依照本法第六十一条的规定仍不能确定的，受损害方根据标的的性质以及损失的大小，可以合理选择要求对方承担修理、更换、重作、退货、减少价款或者报酬等违约责任。,,,
合同法,112,第一百一十二条,1,当事人一方不履行合同义务或者履行合同义务不符合约定的，在履行义务或者采取补救措施后，对方还有其他损失的，应当赔偿损失。,,,
合同法,113,第一百一十三条,1,当事人一方不履行合同义务或者履行合同义务不符合约定，给对方造成损失的，损失赔偿额应当相当于因违约所造成的损失，包括合同履行后可以获得的利益，但不得超过违反合同一方订立合同时预见到或者应当预见到的因违反合同可能造成的损失。经营者对消费者提供商品或者服务有欺诈行为的，依照《中华人民共和国消费者权益保护法》的规定承担损害赔偿责任。,,,
合同法,115,第一百一十五条,1,当事人可以依照《中华人民共和国担保法》约定一方向对方给付定金作为债权的担保。债务人履行债务后，定金应当抵作价款或者收回。给付定金的一方不履行约定的债务的，无权要求返还定金；收受定金的一方不履行约定的债务的，应当双倍返还定金。,,,
合同法,120,第一百二十条,1,当事人双方都违反合同的，应当各自承担相应的责任。,,,
合同法,126,第一百二十六条,1,涉外合同的当事人可以选择处理合同争议所适用的法律，但法律另有规定的除外。涉外合同的当事人没有选择的，适用与合同有最密切联系的国家的法律。在中华人民共和国境内履行的中外合资经营企业合同、中外合作经营企业合同、中外合作勘探开发自然资源合同，适用中华人民共和国法律。,,,
合同法,141,第一百四十一条,1,出卖人应当按照约定的地点交付标的物。当事人没有约定交付地点或者约定不明确，依照本法第六十一条的规定仍不能确定的，适用下列规定：（一）标的物需要运输的，出卖人应当将标的物交付给第一承运人以运交给买受人；（二）标的物不需要运输，出卖人和买受人订立合同时知道标的物在某一地点的，出卖人应当在该地点交付标的物；不知道标的物在某一地点的，应当在出卖人订立合同时的营业地交付标的物。,,,
合同法,143,第一百四十三条,1,因买受人的原因致使标的物不能按照约定的期限交付的，买受人应当自违反约定之日起承担标的物毁损、灭失的风险。,,,
合同法,175,第一百七十五条,1,当事人约定易货交易，转移标的物的所有权的，参照买卖合同的有关规定。,,,
合同法,215,第二百一十五条,1,租赁期限六个月以上的，应当采用书面形式。当事人未采用书面形式的，视为不定期租赁。,,,
合同法,217,第二百一十七条,1,承租人应当按照约定的方法使用租赁物。对租赁物的使用方法没有约定或者约定不明确，依照本法第六十一条的规定仍不能确定的，应当按照租赁物的性质使用。,,,
合同法,230,第二百三十条,1,出租人出卖租赁房屋的，应当在出卖之前的合理期限内通知承租人，承租人享有以同等条件优先购买的权利。,,,
合同法,259,第二百五十九条,1,承揽工作需要定作人协助的，定作人有协助的义务。定作人不履行协助义务致使承揽工作不能完成的，承揽人可以催告定作人在合理期限内履行义务，并可以顺延履行期限；定作人逾期不履行的，承揽人可以解除合同。,,,
合同法,280,第二百八十条,1,勘察、设计的质量不符合要求或者未按照期限提交勘察、设计文件拖延工期，造成发包人损失的，勘察人、设计人应当继续完善勘察、设计，减收或者免收勘察、设计费并赔偿损失。,,,
合同法,288,第二百八十八条,1,运输合同是承运人将旅客或者货物从起运地点运输到约定地点，旅客、托运人或者收货人支付票款或者运输费用的合同。,,,
合同法,302,第三百零二条,1,承运人应当对运输过程中旅客的伤亡承担损害赔偿责任，但伤亡是旅客自身健康原因造成的或者承运人证明伤亡是旅客故意、重大过失造成的除外。前款规定适用于按照规定免票、持优待票或者经承运人许可搭乘的无票旅客。,,,
合同法,303,第三百零三条,1,在运输过程中旅客自带物品毁损、灭失，承运人有过错的，应当承担损害赔偿责任。旅客托运的行李毁损、灭失的，适用货物运输的有关规定。,,,
合同法,309,第三百零九条,1,货物运输到达后，承运人知道收货人的，应当及时通知收货人，收货人应当及时提货。收货人逾期提货的，应当向承运人支付保管费等费用。,,,
合同法,328,第三百二十八条,1,完成技术成果的个人有在有关技术成果文件上写明自己是技术成果完成者的权利和取得荣誉证书、奖励的权利。,,,
合同法,333,第三百三十三条,1,委托人违反约定造成研究开发工作停滞、延误或者失败的，应当承担违约责任。,,,
合同法,347,第三百四十七条,1,技术秘密转让合同的让与人应当按照约定提供技术资料，进行技术指导，保证技术的实用性、可靠性，承担保密义务。,,,
合同法,358,第三百五十八条,1,技术咨询合同的受托人应当按照约定的期限完成咨询报告或者解答问题；提出的咨询报告应当达到约定的要求。,,,
合同法,360,第三百六十条,1,技术服务合同的委托人应当按照约定提供工作条件，完成配合事项；接受工作成果并支付报酬。,,,
合同法,367,第三百六十七条,1,保管合同自保管物交付时成立，但当事人另有约定的除外。,,,
合同法,378,第三百七十八条,1,保管人保管货币的，可以返还相同种类、数量的货币。保管其他可替代物的，可以按照约定返还相同种类、品质、数量的物品。,,,
合同法,380,第三百八十条,1,寄存人未按照约定支付保管费以及其他费用的，保管人对保管物享有留置权，但当事人另有约定的除外。,,,
合同法,389,第三百八十九条,1,保管人对入库仓储物发现有变质或者其他损坏的，应当及时通知存货人或者仓单持有人。,,,
合同法,413,第四百一十三条,1,因受托人死亡、丧失民事行为能力或者破产，致使委托合同终止的，受托人的继承人、法定代理人或者清算组织应当及时通知委托人。因委托合同终止将损害委托人利益的，在委托人作出善后处理之前，受托人的继承人、法定代理人或者清算组织应当采取必要措施。,,,
合同法,415,第四百一十五条,1,行纪人处理委托事务支出的费用，由行纪人负担，但当事人另有约定的除外。,,,
公司法,7,第七条,2,依照本法设立的有限责任公司，应当在公司名称中标明有限责任公司或者有限公司字样。 依照本法设立的股份有限公司，应当在公司名称中标明股份有限公司或者股份公司字样。,,,
公司法,13,第十三条,2,公司可以设立子公司。子公司具有法人资格，依法独立承担民事责任。 公司可以设立分公司。分公司不具有法人资格，其民事责任由公司承担。,,,
公司法,16,第十六条,2,公司应当保护职工的合法权益，依法与职工签订劳动合同，参加社会保险，加强劳动保护，实现安全生产。 公司应当采用多种形式，加强公司职工的职业教育和岗位培训，提高职工素质。,,,
公司法,17,第十七条,3,公司职工依照《中华人民共和国工会法》组织工会，开展工会活动，维护职工合法权益。公司应当为本公司工会提供必要的活动条件。公司工会代表职工就职工的劳动报酬、工作时间、休息休假、劳动安全卫生和保险福利等事项依法与公司签订集体合同。 公司依照宪法和有关法律的规定，建立健全以职工代表大会为基本形式的民主管理制度，通过职工代表大会或者其他形式，实行民主管理。 公司研究决定改制、解散、申请破产以及经营方面的重大问题、制定重要的规章制度时，应当听取公司工会的意见，并通过职工代表大会或者其他形式听取职工的意见和建议。,,,
公司法,24,第二十四条,1,公司股东会、董事会、监事会召开会议和表决可以采用电子通信方式，公司章程另有规定的除外。,,,
公司法,45,第四十五条,1,设立有限责任公司，应当由股东共同制定公司章程。,,,
公司法,51,第五十一条,2,有限责任公司成立后，董事会应当对股东的出资情况进行核查，发现股东未按期足额缴纳公司章程规定的出资的，应当由公司向该股东发出书面催缴书，催缴出资。 未及时履行前款规定的义务，给公司造成损失的，负有责任的董事应当承担赔偿责任。,,,
公司法,53,第五十三条,2,公司成立后，股东不得抽逃出资。 违反前款规定的，股东应当返还抽逃的出资；给公司造成损失的，负有责任的董事、监事、高级管理人员应当与该股东承担连带赔偿责任。,,,
公司法,56,第五十六条,6,有限责任公司应当置备股东名册，记载下列事项： (一) 股东的姓名或者名称及住所； (二) 股东认缴和实缴的出资额、出资方式和出资日期； (三) 出资证明书编号； (四) 取得和丧失股东资格的日期。 记载于股东名册的股东，可以依股东名册主张行使股东权利。,,,
公司法,57,第五十七条,5,股东有权查阅、复制公司章程、股东名册、股东会会议记录、董事会会议决议、监事会会议决议和财务会计报告。 股东可以要求查阅公司会计账簿、会计凭证。股东要求查阅公司会计账簿、会计凭证的，应当向公司提出书面请求，说明目的。公司有合理根据认为股东查阅会计账簿、会计凭证有不正当目的，可能损害公司合法利益的，可以拒绝提供查阅，并应当自股东提出书面请求之日起十五日内书面答复股东并说明理由。公司拒绝提供查阅的，股东可以向人民法院提起诉讼。 股东查阅前款规定的材料，可以委托会计师事务所、律师事务所等中介机构进行。 股东及其委托的会计师事务所、律师事务所等中介机构查阅、复制有关材料，应当遵守有关保护国家秘密、商业秘密、个人隐私、个人信息等法律、行政法规的规定。 股东要求查阅、复制公司全资子公司相关材料的，适用前四款的规定。,,,
公司法,58,第五十八条,1,有限责任公司股东会由全体股东组成。股东会是公司的权力机构，依照本法行使职权。,,,
公司法,60,第六十条,1,只有一个股东的有限责任公司不设股东会。股东作出前条第一款所列事项的决定时，应当采用书面形式，并由股东签名或者盖章后置备于公司。,,,
公司法,72,第七十二条,1,董事会会议由董事长召集和主持；董事长不能履行职务或者不履行职务的，由副董事长召集和主持；副董事长不能履行职务或者不履行职务的，由过半数的董事共同推举一名董事召集和主持。,,,
公司法,108,第一百零八条,1,有限责任公司变更为股份有限公司时，折合的实收股本总额不得高于公司净资产额。有限责任公司变更为股份有限公司，为增加注册资本公开发行股份时，应当依法办理。,,,
公司法,115,第一百一十五条,4,召开股东会会议，应当将会议召开的时间、地点和审议的事项于会议召开二十日前通知各股东；临时股东会会议应当于会议召开十五日前通知各股东。 单独或者合计持有公司百分之一以上股份的股东，可以在股东会会议召开十日前提出临时提案并书面提交董事会。临时提案应当有明确议题和具体决议事项。董事会应当在收到提案后二日内通知其他股东，并将该临时提案提交股东会审议；但临时提案违反法律、行政法规或者公司章程的规定，或者不属于股东会职权范围的除外。公司不得提高提出临时提案股东的持股比例。 公开发行股份的公司，应当以公告方式作出前两款规定的通知。 股东会不得对通知中未列明的事项作出决议。,,,
公司法,126,第一百二十六条,2,股份有限公司设经理，由董事会决定聘任或者解聘。 经理对董事会负责，根据公司章程的规定或者董事会的授权行使职权。经理列席董事会会议。,,,
公司法,130,第一百三十条,5,股份有限公司设监事会，本法第一百二十一条第一款、第一百三十三条另有规定的除外。 监事会成员为三人以上。监事会成员应当包括股东代表和适当比例的公司职工代表，其中职工代表的比例不得低于三分之一，具体比例由公司章程规定。监事会中的职工代表由公司职工通过职工代表大会、职工大会或者其他形式民主选举产生。 监事会设主席一人，可以设副主席。监事会主席和副主席由全体监事过半数选举产生。监事会主席召集和主持监事会会议；监事会主席不能履行职务或者不履行职务的，由监事会副主席召集和主持监事会会议；监事会副主席不能履行职务或者不履行职务的，由过半数的监事共同推举一名监事召集和主持监事会会议。 董事、高级管理人员不得兼任监事。 本法第七十七条关于有限责任公司监事任期的规定，适用于股份有限公司监事。,,,
公司法,140,第一百四十条,2,上市公司应当依法披露股东、实际控制人的信息，相关信息应当真实、准确、完整。 禁止违反法律、行政法规的规定代持上市公司股票。,,,
公司法,141,第一百四十一条,2,上市公司控股子公司不得取得该上市公司的股份。 上市公司控股子公司因公司合并、质权行使等原因持有上市公司股份的，不得行使所持股份对应的表决权，并应当及时处分相关上市公司股份。,,,
公司法,144,第一百四十四条,7,公司可以按照公司章程的规定发行下列与普通股权利不同的类别股： (一) 优先或者劣后分配利润或者剩余财产的股份； (二) 每一股的表决权数多于或者少于普通股的股份； (三) 转让须经公司同意等转让受限的股份； (四) 国务院规定的其他类别股。 公开发行股份的公司不得发行前款第二项、第三项规定的类别股；公开发行前已发行的除外。 公司发行本条第一款第二项规定的类别股的，对于监事或者审计委员会成员的选举和更换，类别股与普通股每一股的表决权数相同。,,,
公司法,155,第一百五十五条,1,公司向社会公开募集股份，应当由依法设立的证券公司承销，签订承销协议。,,,
公司法,167,第一百六十七条,1,自然人股东死亡后，其合法继承人可以继承股东资格；但是，股份转让受限的股份有限公司的章程另有规定的除外。,,,
公司法,180,第一百八十条,3,董事、监事、高级管理人员对公司负有忠实义务，应当采取措施避免自身利益与公司利益冲突，不得利用职权牟取不正当利益。 董事、监事、高级管理人员对公司负有勤勉义务，执行职务应当为公司的最大利益尽到管理者通常应有的合理注意。 公司的控股股东、实际控制人不担任公司董事但实际执行公司事务的，适用前两款规定。,,,
公司法,184,第一百八十四条,1,董事、监事、高级管理人员未向董事会或者股东会报告，并按照公司章程的规定经董事会或者股东会决议通过，不得自营或者为他人经营与其任职公司同类的业务。,,,
公司法,217,第二百一十七条,2,公司除法定的会计账簿外，不得另立会计账簿。 对公司资金，不得以任何个人名义开立账户存储。,,,
公司法,262,第二百六十二条,1,利用公司名义从事危害国家安全、社会公共利益的严重违法行为的，吊销营业执照。,,,
公司法(2018修正),7,第七条,3,依法设立的公司，由公司登记机关发给公司营业执照。公司营业执照签发日期为公司成立日期。 公司营业执照应当载明公司的名称、住所、注册资本、经营范围、法定代表人姓名等事项。 公司营业执照记载的事项发生变更的，公司应当依法办理变更登记，由公司登记机关换发营业执照。,,,
公司法(2018修正),8,第八条,2,依照本法设立的有限责任公司，必须在公司名称中标明有限责任公司或者有限公司字样。 依照本法设立的股份有限公司，必须在公司名称中标明股份有限公司或者股份公司字样。,,,
公司法(2018修正),9,第九条,2,有限责任公司变更为股份有限公司，应当符合本法规定的股份有限公司的条件。股份有限公司变更为有限责任公司，应当符合本法规定的有限责任公司的条件。 有限责任公司变更为股份有限公司的，或者股份有限公司变更为有限责任公司的，公司变更前的债权、债务由变更后的公司承继。,,,
公司法(2018修正),23,第二十三条,6,设立有限责任公司，应当具备下列条件： (一) 股东符合法定人数； (二) 有符合公司章程规定的全体股东认缴的出资额； (三) 股东共同制定公司章程； (四) 有公司名称，建立符合有限责任公司要求的组织机构； (五) 有公司住所。,,,
公司法(2018修正),24,第二十四条,1,有限责任公司由五十个以下股东出资设立。,,,
公司法(2018修正),27,第二十七条,2,股东可以用货币出资，也可以用实物、知识产权、土地使用权等可以用货币估价并可以依法转让的非货币财产作价出资；但是，法律、行政法规规定不得作为出资的财产除外。 对作为出资的非货币财产应当评估作价，核实财产，不得高估或者低估作价。法律、行政法规对评估作价有规定的，从其规定。,,,
公司法(2018修正),29,第二十九条,1,股东认足公司章程规定的出资后，由全体股东指定的代表或者共同委托的代理人向公司登记机关报送公司登记申请书、公司章程等文件，申请设立登记。,,,
公司法(2018修正),36,第三十六条,1,有限责任公司股东会由全体股东组成。股东会是公司的权力机构，依照本法行使职权。,,,
公司法(2018修正),56,第五十六条,1,监事会、不设监事会的公司的监事行使职权所必需的费用，由公司承担。,,,
公司法(2018修正),58,第五十八条,1,一个自然人只能投资设立一个一人有限责任公司。该一人有限责任公司不能投资设立新的一人有限责任公司。,,,
公司法(2018修正),60,第六十条,1,一人有限责任公司章程由股东制定。,,,
公司法(2018修正),63,第六十三条,1,一人有限责任公司的股东不能证明公司财产独立于股东自己的财产的，应当对公司债务承担连带责任。,,,
公司法(2018修正),71,第七十一条,4,有限责任公司的股东之间可以相互转让其全部或者部分股权。 股东向股东以外的人转让股权，应当经其他股东过半数同意。股东应就其股权转让事项书面通知其他股东征求同意，其他股东自接到书面通知之日起满三十日未答复的，视为同意转让。其他股东半数以上不同意转让的，不同意的股东应当购买该转让的股权；不购买的，视为同意转让。 经股东同意转让的股权，在同等条件下，其他股东有优先购买权。两个以上股东主张行使优先购买权的，协商确定各自的购买比例；协商不成的，按照转让时各自的出资比例行使优先购买权。 公司章程对股权转让另有规定的，从其规定。,,,
公司法(2018修正),109,第一百零九条,2,董事会设董事长一人，可以设副董事长。董事长和副董事长由董事会以全体董事的过半数选举产生。 董事长召集和主持董事会会议，检查董事会决议的实施情况。副董事长协助董事长工作，董事长不能履行职务或者不履行职务的，由副董事长履行职务；副董事长不能履行职务或者不履行职务的，由半数以上董事共同推举一名董事履行职务。,,,
公司法(2018修正),130,第一百三十条,6,公司发行记名股票的，应当置备股东名册，记载下列事项： (一) 股东的姓名或者名称及住所； (二) 各股东所持股份数； (三) 各股东所持股票的编号； (四) 各股东取得股份的日期。 发行无记名股票的，公司应当记载其股票数量、编号及发行日期。,,,
公司法(2018修正),140,第一百四十条,1,无记名股票的转让，由股东将该股票交付给受让人后即发生转让的效力。,,,
公司法(2018修正),152,第一百五十二条,1,董事、高级管理人员违反法律、行政法规或者公司章程的规定，损害股东利益的，股东可以向人民法院提起诉讼。,,,
公司法(2018修正),164,第一百六十四条,2,公司应当在每一会计年度终了时编制财务会计报告，并依法经会计师事务所审计。 财务会计报告应当依照法律、行政法规和国务院财政部门的规定制作。,,,
公司法(2018修正),174,第一百七十四条,1,公司合并时，合并各方的债权、债务，应当由合并后存续的公司或者新设的公司承继。,,,
公司法(2018修正),189,第一百八十九条,3,清算组成员应当忠于职守，依法履行清算义务。 清算组成员不得利用职权收受贿赂或者其他非法收入，不得侵占公司财产。 清算组成员因故意或者重大过失给公司或者债权人造成损失的，应当承担赔偿责任。,,,
公司法(2018修正),190,第一百九十条,1,公司被依法宣告破产的，依照有关企业破产的法律实施破产清算。,,,
劳动合同法,4,第四条,4,用人单位应当依法建立和完善劳动规章制度，保障劳动者享有劳动权利、履行劳动义务。 用人单位在制定、修改或者决定有关劳动报酬、工作时间、休息休假、劳动安全卫生、保险福利、职工培训、劳动纪律以及劳动定额管理等直接涉及劳动者切身利益的规章制度或者重大事项时，应当经职工代表大会或者全体职工讨论，提出方案和意见，与工会或者职工代表平等协商确定。 在规章制度和重大事项决定实施过程中，工会或者职工认为不适当的，有权向用人单位提出，通过协商予以修改完善。 用人单位应当将直接涉及劳动者切身利益的规章制度和重大事项决定公示，或者告知劳动者。,,,
劳动合同法,12,第十二条,1,劳动合同分为固定期限劳动合同、无固定期限劳动合同和以完成一定工作任务为期限的劳动合同。,,,
劳动合同法,14,第十四条,6,无固定期限劳动合同，是指用人单位与劳动者约定无确定终止时间的劳动合同。 用人单位与劳动者协商一致，可以订立无固定期限劳动合同。有下列情形之一，劳动者提出或者同意续订、订立劳动合同的，除劳动者提出订立固定期限劳动合同外，应当订立无固定期限劳动合同： (一) 劳动者在该用人单位连续工作满十年的； (二) 用人单位初次实行劳动合同制度或者国有企业改制重新订立劳动合同时，劳动者在该用人单位连续工作满十年且距法定退休年龄不足十年的； (三) 连续订立二次固定期限劳动合同，且劳动者没有本法第三十九条和第四十条第一项、第二项规定的情形，续订劳动合同的。 用人单位自用工之日起满一年不与劳动者订立书面劳动合同的，视为用人单位与劳动者已订立无固定期限劳动合同。,,,
劳动合同法,15,第十五条,2,以完成一定工作任务为期限的劳动合同，是指用人单位与劳动者约定以某项工作的完成为合同期限的劳动合同。 用人单位与劳动者协商一致，可以订立以完成一定工作任务为期限的劳动合同。,,,
劳动合同法,18,第十八条,1,劳动合同对劳动报酬和劳动条件等标准约定不明确，引发争议的，用人单位与劳动者可以重新协商；协商不成的，适用集体合同规定；没有集体合同或者集体合同未规定劳动报酬的，实行同工同酬；没有集体合同或者集体合同未规定劳动条件等标准的，适用国家有关规定。,,,
劳动合同法,29,第二十九条,1,用人单位与劳动者应当按照劳动合同的约定，全面履行各自的义务。,,,
劳动合同法,32,第三十二条,2,劳动者拒绝用人单位管理人员违章指挥、强令冒险作业的，不视为违反劳动合同。 劳动者对危害生命安全和身体健康的劳动条件，有权对用人单位提出批评、检举和控告。,,,
劳动合同法,36,第三十六条,1,用人单位与劳动者协商一致，可以解除劳动合同。,,,
劳动合同法,70,第七十条,1,非全日制用工双方当事人不得约定试用期。,,,
劳动合同法,82,第八十二条,2,用人单位自用工之日起超过一个月不满一年未与劳动者订立书面劳动合同的，应当向劳动者每月支付二倍的工资。 用人单位违反本法规定不与劳动者订立无固定期限劳动合同的，自应当订立无固定期限劳动合同之日起向劳动者每月支付二倍的工资。,,,
劳动合同法,87,第八十七条,1,用人单位违反本法规定解除或者终止劳动合同的，应当依照本法第四十七条规定的经济补偿标准的二倍向劳动者支付赔偿金。,,,
劳动合同法,95,第九十五条,1,劳动行政部门和其他有关主管部门及其工作人员玩忽职守、不履行法定职责，或者违法行使职权，给劳动者或者用人单位造成损害的，应当承担赔偿责任；对直接负责的主管人员和其他直接责任人员，依法给予行政处分；构成犯罪的，依法追究刑事责任。,,,
民事诉讼法,4,第四条,1,凡在中华人民共和国领域内进行民事诉讼，必须遵守本法。,,,
民事诉讼法,13,第十三条,2,民事诉讼应当遵循诚信原则。 当事人有权在法律规定的范围内处分自己的民事权利和诉讼权利。,,,
民事诉讼法,14,第十四条,1,人民检察院有权对民事诉讼实行法律监督。,,,
民事诉讼法,16,第十六条,2,经当事人同意，民事诉讼活动可以通过信息网络平台在线进行。 民事诉讼活动通过信息网络平台在线进行的，与线下诉讼活动具有同等法律效力。,,,
民事诉讼法,17,第十七条,1,民族自治地方的人民代表大会根据宪法和本法的原则，结合当地民族的具体情况，可以制定变通或者补充的规定。自治区的规定，报全国人民代表大会常务委员会批准。自治州、自治县的规定，报省或者自治区的人民代表大会常务委员会批准，并报全国人民代表大会常务委员会备案。,,,
民事诉讼法,45,第四十五条,1,合议庭评议案件，实行少数服从多数的原则。评议应当制作笔录，由合议庭成员签名。评议中的不同意见，必须如实记入笔录。,,,
民事诉讼法,48,第四十八条,2,当事人提出回避申请，应当说明理由，在案件开始审理时提出；回避事由在案件开始审理后知道的，也可以在法庭辩论终结前提出。 被申请回避的人员在人民法院作出是否回避的决定前，应当暂停参与本案的工作，但案件需要采取紧急措施的除外。,,,
民事诉讼法,53,第五十三条,1,双方当事人可以自行和解。,,,
民事诉讼法,58,第五十八条,2,对污染环境、侵害众多消费者合法权益等损害社会公共利益的行为，法律规定的机关和有关组织可以向人民法院提起诉讼。 人民检察院在履行职责中发现破坏生态环境和资源保护、食品药品安全领域侵害众多消费者合法权益等损害社会公共利益的行为，在没有前款规定的机关和组织或者前款规定的机关和组织不提起诉讼的情况下，可以向人民法院提起诉讼。前款规定的机关或者组织提起诉讼的，人民检察院可以支持起诉。,,,
民事诉讼法,72,第七十二条,1,经过法定程序公证证明的法律事实和文书，人民法院应当作为认定事实的根据，但有相反证据足以推翻公证证明的除外。,,,
民事诉讼法,80,第八十条,2,鉴定人有权了解进行鉴定所需要的案件材料，必要时可以询问当事人、证人。 鉴定人应当提出书面鉴定意见，在鉴定书上签名或者盖章。,,,
民事诉讼法,82,第八十二条,1,当事人可以申请人民法院通知有专门知识的人出庭，就鉴定人作出的鉴定意见或者专业问题提出意见。,,,
民事诉讼法,102,第一百零二条,1,调解未达成协议或者调解书送达前一方反悔的，人民法院应当及时判决。,,,
民事诉讼法,111,第一百一十一条,1,当事人对保全或者先予执行的裁定不服的，可以申请复议一次。复议期间不停止裁定的执行。,,,
民事诉讼法,112,第一百一十二条,1,人民法院对必须到庭的被告，经两次传票传唤，无正当理由拒不到庭的，可以拘传。,,,
民事诉讼法,113,第一百一十三条,3,诉讼参与人和其他人应当遵守法庭规则。 人民法院对违反法庭规则的人，可以予以训诫，责令退出法庭或者予以罚款、拘留。 人民法院对哄闹、冲击法庭，侮辱、诽谤、威胁、殴打审判人员，严重扰乱法庭秩序的人，依法追究刑事责任；情节较轻的，予以罚款、拘留。,,,
民事诉讼法,115,第一百一十五条,2,当事人之间恶意串通，企图通过诉讼、调解等方式侵害国家利益、社会公共利益或者他人合法权益的，人民法院应当驳回其请求，并根据情节轻重予以罚款、拘留；构成犯罪的，依法追究刑事责任。 当事人单方捏造民事案件基本事实，向人民法院提起诉讼，企图侵害国家利益、社会公共利益或者他人合法权益的，适用前款规定。,,,
民事诉讼法,120,第一百二十条,1,采取对妨害民事诉讼的强制措施必须由人民法院决定。任何单位和个人采取非法拘禁他人或者非法私自扣押他人财产追索债务的，应当依法追究刑事责任，或者予以拘留、罚款。,,,
民事诉讼法,126,第一百二十六条,1,人民法院应当保障当事人依照法律规定享有的起诉权利。对符合本法第一百二十二条的起诉，必须受理。符合起诉条件的，应当在七日内立案，并通知当事人；不符合起诉条件的，应当在七日内作出裁定书，不予受理；原告对裁定不服的，可以提起上诉。,,,
民事诉讼法,141,第一百四十一条,6,法庭调查按照下列顺序进行： (一) 当事人陈述； (二) 告知证人的权利义务，证人作证，宣读未到庭的证人证言； (三) 出示书证、物证、视听资料和电子数据； (四) 宣读鉴定意见； (五) 宣读勘验笔录。,,,
民事诉讼法,143,第一百四十三条,1,原告增加诉讼请求，被告提出反诉，第三人提出与本案有关的诉讼请求，可以合并审理。,,,
民事诉讼法,175,第一百七十五条,1,第二审人民法院应当对上诉请求的有关事实和适用法律进行审查。,,,
民事诉讼法,215,第二百一十五条,2,人民法院应当自收到再审申请书之日起三个月内审查，符合本法规定的，裁定再审；不符合本法规定的，裁定驳回申请。有特殊情况需要延长的，由本院院长批准。 因当事人申请裁定再审的案件由中级人民法院以上的人民法院审理，但当事人依照本法第二百一十条的规定选择向基层人民法院申请再审的除外。最高人民法院、高级人民法院裁定再审的案件，由本院再审或者交其他人民法院再审，也可以交原审人民法院再审。,,,
民事诉讼法,217,第二百一十七条,1,按照审判监督程序决定再审的案件，裁定中止原判决、裁定、调解书的执行，但追索赡养费、扶养费、抚养费、抚恤金、医疗费用、劳动报酬等案件，可以不中止执行。,,,
民事诉讼法,230,第二百三十条,1,人民法院决定受理申请，应当同时通知支付人停止支付，并在三日内发出公告，催促利害关系人申报权利。公示催告的期间，由人民法院根据情况决定，但不得少于六十日。,,,
民事诉讼法,259,第二百五十九条,2,被执行人不履行法律文书确定的义务，并隐匿财产的，人民法院有权发出搜查令，对被执行人及其住所或者财产隐匿地进行搜查。 采取前款措施，由院长签发搜查令。,,,
民事诉讼法,280,第二百八十条,1,当事人之间的同一纠纷，一方当事人向外国法院起诉，另一方当事人向人民法院起诉，或者一方当事人既向外国法院起诉，又向人民法院起诉，人民法院依照本法有管辖权的，可以受理。当事人订立排他性管辖协议选择外国法院管辖且不违反本法对专属管辖的规定，不涉及中华人民共和国主权、安全或者社会公共利益的，人民法院可以裁定不予受理；已经受理的，裁定驳回起诉。,,,
民事诉讼法,288,第二百八十八条,2,涉外经济贸易、运输和海事中发生的纠纷，当事人在合同中订有仲裁条款或者事后达成书面仲裁协议，提交中华人民共和国涉外仲裁机构或者其他仲裁机构仲裁的，当事人不得向人民法院起诉。 当事人在合同中没有订有仲裁条款或者事后没有达成书面仲裁协议的，可以向人民法院起诉。,,,
民事诉讼法,302,第三百零二条,2,当事人向人民法院申请承认和执行外国法院作出的发生法律效力的判决、裁定，该判决、裁定涉及的纠纷与人民法院正在审理的纠纷属于同一纠纷的，人民法院可以裁定中止诉讼。 外国法院作出的发生法律效力的判决、裁定不符合本法规定的承认条件的，人民法院裁定不予承认和执行，并恢复已经中止的诉讼；符合本法规定的承认条件的，人民法院裁定承认其效力；需要执行的，发出执行令，依照本法的有关规定执行；对已经中止的诉讼，裁定驳回起诉。,,,
民事诉讼法,303,第三百零三条,1,当事人对承认和执行或者不予承认和执行的裁定不服的，可以自裁定送达之日起十日内向上一级人民法院申请复议。,,,
民法典时间效力规定,1,第一条,3,民法典施行后的法律事实引起的民事纠纷案件，适用民法典的规定。 民法典施行前的法律事实引起的民事纠纷案件，适用当时的法律、司法解释的规定，但是法律、司法解释另有规定的除外。 民法典施行前的法律事实持续至民法典施行后，该法律事实引起的民事纠纷案件，适用民法典的规定，但是法律、司法解释另有规定的除外。,,,
民法典时间效力规定,3,第三条,1,民法典施行前的法律事实引起的民事纠纷案件，当时的法律、司法解释没有规定而民法典有规定的，可以适用民法典的规定，但是明显减损当事人合法权益、增加当事人法定义务或者背离当事人合理预期的除外。,,,
民法典时间效力规定,4,第四条,1,民法典施行前的法律事实引起的民事纠纷案件，当时的法律、司法解释仅有原则性规定而民法典有具体规定的，适用当时的法律、司法解释的规定，但是可以依据民法典具体规定进行裁判说理。,,,
民法典时间效力规定,5,第五条,2,民法典施行前已经终审的案件，当事人申请再审或者按照审判监督程序决定再审的，不适用民法典的规定。 二、溯及适用的具体规定,,,
民法典时间效力规定,8,第八条,1,民法典施行前成立的合同，适用当时的法律、司法解释的规定合同无效而适用民法典的规定合同有效的，适用民法典的相关规定。,,,
民法典时间效力规定,9,第九条,1,民法典施行前订立的合同，提供格式条款一方未履行提示或者说明义务，涉及格式条款效力认定的，适用民法典第四百九十六条的规定。,,,
民法典时间效力规定,14,第十四条,1,被继承人在民法典施行前死亡，遗产无人继承又无人受遗赠，其兄弟姐妹的子女请求代位继承的，适用民法典第一千一百二十八条第二款和第三款的规定，但是遗产已经在民法典施行前处理完毕的除外。,,,
民法典时间效力规定,18,第十八条,1,民法典施行前，因非营运机动车发生交通事故造成无偿搭乘人损害引起的民事纠纷案件，适用民法典第一千二百一十七条的规定。,,,
民法典时间效力规定,21,第二十一条,1,民法典施行前租赁期限届满，当事人主张适用民法典第七百三十四条第二款规定的，人民法院不予支持；租赁期限在民法典施行后届满，当事人主张适用民法典第七百三十四条第二款规定的，人民法院依法予以支持。,,,
民法典时间效力规定,23,第二十三条,1,被继承人在民法典施行前立有公证遗嘱，民法典施行后又立有新遗嘱，其死亡后，因该数份遗嘱内容相抵触发生争议的，适用民法典第一千一百四十二条第三款的规定。,,,
民法典时间效力规定,24,第二十四条,1,侵权行为发生在民法典施行前，但是损害后果出现在民法典施行后的民事纠纷案件，适用民法典的规定。,,,
民法典时间效力规定,27,第二十七条,2,民法典施行前成立的保证合同，当事人对保证期间约定不明确，主债务履行期限届满至民法典施行之日不满二年，当事人主张保证期间为主债务履行期限届满之日起二年的，人民法院依法予以支持；当事人对保证期间没有约定，主债务履行期限届满至民法典施行之日不满六个月，当事人主张保证期间为主债务履行期限届满之日起六个月的，人民法院依法予以支持。 四、附则,,,
物权法,7,第七条,1,物权的取得和行使，应当遵守法律，尊重社会公德，不得损害公共利益和他人合法权益。,,,
物权法,8,第八条,1,其他相关法律对物权另有特别规定的，依照其规定。,,,
物权法,9,第九条,1,不动产物权的设立、变更、转让和消灭，经依法登记，发生效力；未经登记，不发生效力，但法律另有规定的除外。依法属于国家所有的自然资源，所有权可以不登记。,,,
物权法,23,第二十三条,1,动产物权的设立和转让，自交付时发生效力，但法律另有规定的除外。,,,
物权法,24,第二十四条,1,船舶、航空器和机动车等物权的设立、变更、转让和消灭，未经登记，不得对抗善意第三人。,,,
物权法,27,第二十七条,1,动产物权转让时，双方又约定由出让人继续占有该动产的，物权自该约定生效时发生效力。,,,
物权法,29,第二十九条,1,因继承或者受遗赠取得物权的，自继承或者受遗赠开始时发生效力。,,,
物权法,36,第三十六条,1,造成不动产或者动产毁损的，权利人可以请求修理、重作、更换或者恢复原状。,,,
物权法,56,第五十六条,1,国家所有的财产受法律保护，禁止任何单位和个人侵占、哄抢、私分、截留、破坏。,,,
物权法,58,第五十八条,1,集体所有的不动产和动产包括：（一）法律规定属于集体所有的土地和森林、山岭、草原、荒地、滩涂；（二）集体所有的建筑物、生产设施、农田水利设施；（三）集体所有的教育、科学、文化、卫生、体育等设施；（四）集体所有的其他不动产和动产。,,,
物权法,60,第六十条,1,对于集体所有的土地和森林、山岭、草原、荒地、滩涂等，依照下列规定行使所有权：（一）属于村农民集体所有的，由村集体经济组织或者村民委员会代表集体行使所有权；（二）分别属于村内两个以上农民集体所有的，由村内各该集体经济组织或者村民小组代表集体行使所有权；（三）属于乡镇农民集体所有的，由乡镇集体经济组织代表集体行使所有权。,,,
物权法,63,第六十三条,1,集体所有的财产受法律保护，禁止任何单位和个人侵占、哄抢、私分、破坏。集体经济组织、村民委员会或者其负责人作出的决定侵害集体成员合法权益的，受侵害的集体成员可以请求人民法院予以撤销。,,,
物权法,71,第七十一条,1,业主对其建筑物专有部分享有占有、使用、收益和处分的权利。业主行使权利不得危及建筑物的安全，不得损害其他业主的合法权益。,,,
物权法,109,第一百零九条,1,拾得遗失物，应当返还权利人。拾得人应当及时通知权利人领取，或者送交公安等有关部门。,,,
物权法,130,第一百三十条,1,承包期内发包人不得调整承包地。因自然灾害严重毁损承包地等特殊情形，需要适当调整承包的耕地和草地的，应当依照农村土地承包法等法律规定办理。,,,
物权法,140,第一百四十条,1,建设用地使用权人应当合理利用土地，不得改变土地用途；需要改变土地用途的，应当依法经有关行政主管部门批准。,,,
物权法,152,第一百五十二条,1,宅基地使用权人依法对集体所有的土地享有占有和使用的权利，有权依法利用该土地建造住宅及其附属设施。,,,
物权法,155,第一百五十五条,1,已经登记的宅基地使用权转让或者消灭的，应当及时办理变更登记或者注销登记。,,,
物权法,164,第一百六十四条,1,地役权不得单独转让。土地承包经营权、建设用地使用权等转让的，地役权一并转让，但合同另有约定的除外。,,,
物权法,174,第一百七十四条,1,担保期间，担保财产毁损、灭失或者被征收等，担保物权人可以就获得的保险金、赔偿金或者补偿金等优先受偿。被担保债权的履行期未届满的，也可以提存该保险金、赔偿金或者补偿金等。,,,
物权法,189,第一百八十九条,1,企业、个体工商户、农业生产经营者以本法第一百八十一条规定的动产抵押的，应当向抵押人住所地的工商行政管理部门办理登记。抵押权自抵押合同生效时设立；未经登记，不得对抗善意第三人。依照本法第一百八十一条规定抵押的，不得对抗正常经营活动中已支付合理价款并取得抵押财产的买受人。,,,
物权法,190,第一百九十条,1,订立抵押合同前抵押财产已出租的，原租赁关系不受该抵押权的影响。抵押权设立后抵押财产出租的，该租赁关系不得对抗已登记的抵押权。,,,
物权法,229,第二百二十九条,1,权利质权除适用本节规定外，适用本章第一节动产质权的规定。,,,
物权法,244,第二百四十四条,1,占有的不动产或者动产毁损、灭失，该不动产或者动产的权利人请求赔偿的，占有人应当将因毁损、灭失取得的保险金、赔偿金或者补偿金等返还给权利人；权利人的损害未得到足够弥补的，恶意占有人还应当赔偿损失。,,,
担保法,4,第四条,1,第三人为债务人向债权人提供担保时，可以要求债务人提供反担保。反担保适用本法担保的规定。,,,
担保法,12,第十二条,1,同一债务有两个以上保证人的，保证人应当按照保证合同约定的保证份额，承担保证责任。没有约定保证份额的，保证人承担连带责任，债权人可以要求任何一个保证人承担全部保证责任，保证人都负有担保全部债权实现的义务。已经承担保证责任的保证人，有权向债务人追偿，或者要求承担连带责任的其他保证人清偿其应当承担的份额。,,,
担保法,14,第十四条,1,保证人与债权人可以就单个主合同分别订立保证合同，也可以协议在最高债权额限度内就一定期间连续发生的借款合同或者某项商品交易合同订立一个保证合同。,,,
担保法,15,第十五条,1,保证合同应当包括以下内容：（一）被保证的主债权种类、数额；（二）债务人履行债务的期限；（三）保证的方式；（四）保证担保的范围；（五）保证的期间；（六）双方认为需要约定的其他事项。保证合同不完全具备前款规定内容的，可以补正。,,,
担保法,18,第十八条,1,当事人在保证合同中约定保证人与债务人对债务承担连带责任的，为连带责任保证。连带责任保证的债务人在主合同规定的债务履行期届满没有履行债务的，债权人可以要求债务人履行债务，也可以要求保证人在其保证范围内承担保证责任。,,,
担保法,29,第二十九条,1,企业法人的分支机构未经法人书面授权或者超出授权范围与债权人订立保证合同的，该合同无效或者超出授权范围的部分无效，债权人和企业法人有过错的，应当根据其过错各自承担相应的民事责任；债权人无过错的，由企业法人承担民事责任。,,,
担保法,32,第三十二条,1,人民法院受理债务人破产案件后，债权人未申报债权的，保证人可以参加破产财产分配，预先行使追偿权。,,,
担保法,36,第三十六条,1,以依法取得的国有土地上的房屋抵押的，该房屋占用范围内的国有土地使用权同时抵押。以出让方式取得的国有土地使用权抵押的，应当将抵押时该国有土地上的房屋同时抵押。乡（镇）、村企业的土地使用权不得单独抵押。以乡（镇）、村企业的厂房等建筑物抵押的，其占用范围内的土地使用权同时抵押。,,,
担保法,70,第七十条,1,质物有损坏或者价值明显减少的可能，足以危害质权人权利的，质权人可以要求出质人提供相应的担保。出质人不提供的，质权人可以拍卖或者变卖质物，并与出质人协议将拍卖或者变卖所得的价款用于提前清偿所担保的债权或者向与出质人约定的第三人提存。,,,
担保法,82,第八十二条,1,本法所称留置，是指依照本法第八十四条的规定，债权人按照合同约定占有债务人的动产，债务人不按照合同约定的期限履行债务的，债权人有权依照本法规定留置该财产，以该财产折价或者以拍卖、变卖该财产的价款优先受偿。,,,
担保法,87,第八十七条,1,债权人与债务人应当在合同中约定，债权人留置财产后，债务人应当在不少于两个月的期限内履行债务。债权人与债务人在合同中未约定的，债权人留置债务人财产后，应当确定两个月以上的期限，通知债务人在该期限内履行债务。债务人逾期仍不履行的，债权人可以与债务人协议以留置物折价，也可以依法拍卖、变卖留置物。留置物折价或者拍卖、变卖后，其价款超过债权数额的部分归债务人所有，不足部分由债务人清偿。,,,
担保法,95,第九十五条,1,海商法等法律对担保有特别规定的，依照其规定。,,,
婚姻法,2,第二条,1,实行婚姻自由、一夫一妻、男女平等的婚姻制度。保护妇女、儿童和老人的合法权益。实行计划生育。,,,
婚姻法,6,第六条,1,结婚年龄，男不得早于二十二周岁，女不得早于二十周岁。晚婚晚育应予鼓励。,,,
婚姻法,7,第七条,1,有下列情形之一的，禁止结婚：（一）直系血亲和三代以内的旁系血亲；（二）患有医学上认为不应当结婚的疾病。,,,
婚姻法,8,第八条,1,要求结婚的男女双方必须亲自到婚姻登记机关进行结婚登记。符合本法规定的，予以登记，发给结婚证。取得结婚证，即确立夫妻关系。未办理结婚登记的，应当补办登记。,,,
婚姻法,9,第九条,1,登记结婚后，根据男女双方约定，女方可以成为男方家庭的成员，男方可以成为女方家庭的成员。,,,
婚姻法,15,第十五条,1,夫妻双方都有参加生产、工作、学习和社会活动的自由，一方不得对他方加以限制或干涉。,,,
婚姻法,16,第十六条,1,夫妻双方都有实行计划生育的义务。,,,
婚姻法,18,第十八条,1,有下列情形之一的，为夫妻一方的财产：（一）一方的婚前财产；（二）一方因身体受到伤害获得的医疗费、残疾人生活补助费等费用；（三）遗嘱或赠与合同中确定只归夫或妻一方的财产；（四）一方专用的生活用品；（五）其他应当归一方的财产。,,,
婚姻法,35,第三十五条,1,离婚后，男女双方自愿恢复夫妻关系的，必须到婚姻登记机关进行复婚登记。,,,
婚姻法,38,第三十八条,1,离婚后，不直接抚养子女的父或母，有探望子女的权利，另一方有协助的义务。行使探望权利的方式、时间由当事人协议；协议不成时，由人民法院判决。父或母探望子女，不利于子女身心健康的，由人民法院依法中止探望的权利；中止的事由消失后，应当恢复探望的权利。,,,
婚姻法,41,第四十一条,1,离婚时，原为夫妻共同生活所负的债务，应当共同偿还。共同财产不足清偿的，或财产归各自所有的，由双方协议清偿；协议不成时，由人民法院判决。,,,
婚姻法,48,第四十八条,1,对拒不执行有关扶养费、抚养费、赡养费、财产分割、遗产继承、探望子女等判决或裁定的，由人民法院依法强制执行。有关个人和单位应负协助执行的责任。,,,
侵权责任法,4,第四条,1,侵权人因同一行为应当承担行政责任或者刑事责任的，不影响依法承担侵权责任。因同一行为应当承担侵权责任和行政责任、刑事责任，侵权人的财产不足以支付的，先承担侵权责任。,,,
侵权责任法,12,第十二条,1,二人以上分别实施侵权行为造成同一损害，能够确定责任大小的，各自承担相应的责任；难以确定责任大小的，平均承担赔偿责任。,,,
侵权责任法,14,第十四条,1,连带责任人根据各自责任大小确定相应的赔偿数额；难以确定责任大小的，平均承担赔偿责任。支付超出自己赔偿数额的连带责任人，有权向其他连带责任人追偿。,,,
侵权责任法,15,第十五条,1,承担侵权责任的方式主要有：（一）停止侵害；（二）排除妨碍；（三）消除危险；（四）返还财产；（五）恢复原状；（六）赔偿损失；（七）赔礼道歉；（八）消除影响、恢复名誉。以上承担侵权责任的方式，可以单独适用，也可以合并适用。,,,
侵权责任法,18,第十八条,1,被侵权人死亡的，其近亲属有权请求侵权人承担侵权责任。被侵权人为单位，该单位分立、合并的，承继权利的单位有权请求侵权人承担侵权责任。被侵权人死亡的，支付被侵权人医疗费、丧葬费等合理费用的人有权请求侵权人赔偿费用，但侵权人已支付该费用的除外。,,,
侵权责任法,29,第二十九条,1,因不可抗力造成他人损害的，不承担责任。法律另有规定的，依照其规定。,,,
侵权责任法,32,第三十二条,1,无民事行为能力人、限制民事行为能力人造成他人损害的，由监护人承担侵权责任。监护人尽到监护责任的，可以减轻其侵权责任。有财产的无民事行为能力人、限制民事行为能力人造成他人损害的，从本人财产中支付赔偿费用。不足部分，由监护人赔偿。,,,
侵权责任法,36,第三十六条,1,网络用户、网络服务提供者利用网络侵害他人民事权益的，应当承担侵权责任。网络用户利用网络服务实施侵权行为的，被侵权人有权通知网络服务提供者采取删除、屏蔽、断开链接等必要措施。网络服务提供者接到通知后未及时采取必要措施的，对损害的扩大部分与该网络用户承担连带责任。网络服务提供者知道网络用户利用其网络服务侵害他人民事权益，未采取必要措施的，与该网络用户承担连带责任。,,,
侵权责任法,70,第七十条,1,民用核设施发生核事故造成他人损害的，民用核设施的经营者应当承担侵权责任，但能够证明损害是因战争等情形或者受害人故意造成的，不承担责任。,,,
侵权责任法,76,第七十六条,1,未经许可进入高度危险活动区域或者高度危险物存放区域受到损害，管理人已经采取安全措施并尽到警示义务的，可以减轻或者不承担责任。,,,
侵权责任法,82,第八十二条,1,遗弃、逃逸的动物在遗弃、逃逸期间造成他人损害的，由原动物饲养人或者管理人承担侵权责任。,,,
侵权责任法,87,第八十七条,1,从建筑物中抛掷物品或者从建筑物上坠落的物品造成他人损害，难以确定具体侵权人的，除能够证明自己不是侵权人的外，由可能加害的建筑物使用人给予补偿。,,,
继承法,2,第二条,1,继承从被继承人死亡时开始。,,,
继承法,3,第三条,1,遗产是公民死亡时遗留的个人合法财产，包括：（一）公民的收入；（二）公民的房屋、储蓄和生活用品；（三）公民的林木、牲畜和家禽；（四）公民的文物、图书资料；（五）法律允许公民所有的生产资料；（六）公民的著作权、专利权中的财产权利；（七）公民的其他合法财产。,,,
继承法,4,第四条,1,个人承包应得的个人收益，依照本法规定继承。个人承包，依照法律允许由继承人继续承包的，按照承包合同办理。,,,
继承法,8,第八条,1,继承权纠纷提起诉讼的期限为二年，自继承人知道或者应当知道其权利被侵犯之日起计算。但是，自继承开始之日起超过二十年的，不得再提起诉讼。,,,
继承法,9,第九条,1,继承权男女平等。,,,
继承法,15,第十五条,1,继承人应当本着互谅互让、和睦团结的精神，协商处理继承问题。遗产分割的时间、办法和份额，由继承人协商确定。协商不成的，可以由人民调解委员会调解或者向人民法院提起诉讼。,,,
继承法,16,第十六条,1,公民可以依照本法规定立遗嘱处分个人财产，并可以指定遗嘱执行人。公民可以立遗嘱将个人财产指定由法定继承人的一人或者数人继承。公民可以立遗嘱将个人财产赠给国家、集体或者法定继承人以外的人。,,,
继承法,18,第十八条,1,下列人员不能作为遗嘱见证人：（一）无行为能力人、限制行为能力人；（二）继承人、受遗赠人；（三）与继承人、受遗赠人有利害关系的人。,,,
继承法,22,第二十二条,1,无行为能力人或者限制行为能力人所立的遗嘱无效。遗嘱必须表示遗嘱人的真实意思，受胁迫、欺骗所立的遗嘱无效。伪造的遗嘱无效。遗嘱被篡改的，篡改的内容无效。,,,
继承法,24,第二十四条,1,存有遗产的人，应当妥善保管遗产，任何人不得侵吞或者争抢。,,,
继承法,31,第三十一条,1,公民可以与扶养人签订遗赠扶养协议。按照协议，扶养人承担该公民生养死葬的义务，享有受遗赠的权利。公民可以与集体所有制组织签订遗赠扶养协议。按照协议，集体所有制组织承担该公民生养死葬的义务，享有受遗赠的权利。,,,
继承法,35,第三十五条,1,民族自治地方的人民代表大会可以根据本法的原则，结合当地民族财产继承的具体情况，制定变通的或者补充的规定。自治区的规定，报全国人民代表大会常务委员会备案。自治州、自治县的规定，报省或者自治区的人民代表大会常务委员会批准后生效，并报全国人民代表大会常务委员会备案。,,,
收养法,2,第二条,1,收养应当有利于被收养的未成年人的抚养、成长，保障被收养人和收养人的合法权益，遵循平等自愿的原则，并不得违背社会公德。,,,
收养法,3,第三条,1,收养不得违背计划生育的法律、法规。,,,
收养法,4,第四条,1,下列不满十四周岁的未成年人可以被收养：（一）丧失父母的孤儿；（二）查找不到生父母的弃婴和儿童；（三）生父母有特殊困难无力抚养的子女。,,,
收养法,5,第五条,1,下列公民、组织可以作送养人：（一）孤儿的监护人；（二）社会福利机构；（三）有特殊困难无力抚养子女的生父母。,,,
收养法,8,第八条,1,收养人只能收养一名子女。收养孤儿、残疾儿童或者社会福利机构抚养的查找不到生父母的弃婴和儿童，可以不受收养人无子女和收养一名的限制。,,,
收养法,18,第十八条,1,配偶一方死亡，另一方送养未成年子女的，死亡一方的父母有优先抚养的权利。,,,
收养法,22,第二十二条,1,收养人、送养人要求保守收养秘密的，其他人应当尊重其意愿，不得泄露。,,,
收养法,24,第二十四条,1,养子女可以随养父或者养母的姓，经当事人协商一致，也可以保留原姓。,,,
收养法,28,第二十八条,1,当事人协议解除收养关系的，应当到民政部门办理解除收养关系的登记。,,,
收养法,31,第三十一条,1,借收养名义拐卖儿童的，依法追究刑事责任。遗弃婴儿的，由公安部门处以罚款；构成犯罪的，依法追究刑事责任。出卖亲生子女的，由公安部门没收非法所得，并处以罚款；构成犯罪的，依法追究刑事责任。,,,
收养法,32,第三十二条,1,民族自治地方的人民代表大会及其常务委员会可以根据本法的原则，结合当地情况，制定变通的或者补充的规定。自治区的规定，报全国人民代表大会常务委员会备案。自治州、自治县的规定，报省或者自治区的人民代表大会常务委员会批准后生效，并报全国人民代表大会常务委员会备案。,,,
收养法,34,第三十四条,1,本法自1992年4月1日起施行。,,,
